query,count
best headphones under 100,47
why is my wifi slow,35
why is the ocean,30
how many calories in,49
how to start a business,46
how to build credit,39
how to remember things,39
why is my app crashing,49
how many steps a day is good,40
why do we get thirsty,46
best password manager,41
how to fix touchpad not working,37
can i upgrade ram,38
why do airplanes leave trails,41
best things to,33
what is a radix,54
why do we yawn,43
why do we,36
why do onions make you,50
how to learn,37
how to budget money,38
can i run a marathon with training,40
best time,44
why is the ocean salty,37
can i clean my keyboard,45
how to stop snoring,38
best way to learn sql,33
best keyboard for,47
best beginner guitar,43
what is a patricia,42
how to learn faster,46
can i drink coffee at,27
best things,37
how to sell online,40
why am i dizzy,41
how to fix no sound,41
why does the sun,40
how long to boil eggs hard,27
why am,37
how to make coffee,34
best protein sources,40
what is climate,35
how to cook,38
how to study effectively,30
what to do when i lose my,49
how long to bake chicken,45
what is the big,33
what is a panic attack,45
why do we need,44
what is blood,46
why is my bp low,40
what is greenhouse,39
best time to,44
how to answer tell,45
why am i,52
why do we get,45
how many steps,36
can i take ibuprofen,40
can i speed,41
why is my pc,44
what to do when i have,47
how to free,42
what is a panic,40
why is space cold,45
can i replace,44
how to write a cover,41
why do i have brain,43
best ramen in tokyo,37
best restaurants,44
how to fix keyboard not working,33
how to fix dns error,41
what is cholesterol,39
best places,50
how to sleep,44
best way,48
why is the moon sometimes,38
why do we get hiccups,44
best phone for,48
how to manage,31
how long does caffeine,31
how to write an,46
what to do when bp,31
how to fix,27
how to fix blue screen,36
why do we snore,48
can i sleep after,58
best headphones,38
why do i feel anxious for,47
what is diabetes,35
how to make pancakes,35
what is caffeine,34
what is an,37
how to focus,46
best note taking,45
how to answer tell me,35
how to reset router,30
best workout,38
best keyboard,44
why is the moon sometimes orange,34
best time to visit japan,33
how to meal,44
can i recover deleted files,49
can i take ibuprofen with,39
how to answer tell me about yourself,31
what to do when bp is 80,37
how to free up,39
best diet,46
can i clean,37
best workout for,52
what is dark matter,39
why is my heart racing,31
how long does a cold,44
how long does covid,33
why do we sweat,38
how to manage time,29
why do i feel tired all,46
what is the speed,40
what is bitcoin,43
how to answer tell me about,39
why is ice slippery,38
how to focus better,41
how to fix android battery,44
what to do when,44
can i wash sneakers,42
how to fix mic not working,35
how much,34
best mouse for,46
can i run a,45
what is a mutual,43
how to fix keyboard not,38
how to fix android battery drain,24
best laptop for,35
can i take,45
how to,42
how to negotiate,40
how many calories in bubble,42
can i speed up,43
how to answer,34
how many calories in bubble tea,39
best places to travel in japan,39
can,43
how to fix monitor no signal,46
best places to travel in,37
what is an etf,33
why is my app,51
can i travel,29
can i get a job without,37
why do onions make,48
how long to boil eggs,34
why do we get goosebumps,32
how to fix dns,41
why is my wifi,42
how to make fried rice,53
why is my throat sore,48
best free antivirus,43
best things to do in singapore,49
why is ice,39
what is interest,34
what is inflation,54
can i exercise when,31
can i use vpn safely,29
how to write,40
what to do when i get food poisoning,38
can i replace laptop,48
why does the sun rise in,37
how much water should,47
why is my laptop,51
how long to,35
best laptop,41
can dogs eat chocolate,41
how to cook pasta,39
why does,30
what to do when i,26
how much water,34
can i run a marathon,35
how to lose weight safely,41
can i run a marathon with training plan,39
why is my phone,51
best ramen in,47
what,37
why is my heart,39
what is depression,51
how to make tea,42
can i speed up my,42
how long does covid last,38
can i recover,39
how to fix iphone storage,36
why,33
best budget,30
what is dark,43
can i get a,44
why is the,34
how to free up disk space,32
how to fix printer,38
why do i have brain fog,39
what is quantum,36
how to invest,39
why do we shiver,32
how to invest for,38
what to do when laptop overheats,39
why do airplanes leave,51
how many steps a,29
can i learn coding without degree,40
why do i,39
what to do when i sprain,45
how long to bake,41
can i recover deleted,34
how long does a,48
why is my pc lagging,41
why is my battery,39
best phone,57
can i lose weight without,53
can i upgrade ram on laptop,41
how to bake,36
how to fix mic,38
best time to visit,47
what to do when i miss a,42
best diet for,41
how to reduce,49
best way to learn java,39
what is relativity,36
can cats eat,41
how to fix windows,40
can i bring,35
can i sleep,37
why is my internet,39
how to stop procrastinating,41
what is the big bang,39
why is the sky,36
best way to learn,37
best cafe near,36
why is water,36
why is the moon,41
how to fix mac,29
what is a solar eclipse,51
can i travel with expired passport,33
how to save money,38
best note,29
how to study,33
why is my battery draining fast,44
how much water should i,37
how to reset,44
how to fix keyboard,43
can i wash sneakers in washing,47
can i lose weight,49
how to invest for beginners,37
how long does passport,46
what is machine learning,29
how to improve stamina,42
why do onions make you cry,30
can dogs,41
what is deep learning,42
how to fix blue,35
why do leaves change color,55
best note taking app,41
best mouse,39
what to do when i feel giddy,38
best laptop for programming,57
why do we need sleep,41
why is water wet,37
what is blockchain,32
how many,47
why is my stomach bloated,40
why is my phone hot,44
how to negotiate salary,46
how to gain muscle,31
how to fix mic not,40
why do stars twinkle,34
can i,46
how to fix wifi,38
why do leaves,34
best keyboard for typing,33
why do i feel anxious for no,31
why does the sun rise in the east,31
what to do when i get food,46
how to free up disk,39
how long to boil,46
why is my bp high,42
how to bake cookies,43
can i learn coding,37
how to fix windows update stuck,38
what is a mortgage,38
how to get,36
best protein,56
can i replace laptop battery,32
can i get,41
how to write a cover letter,36
what to do when i get,47
best places to,35
how many steps a day is,45
can i speed up my pc,31
what is the,52
can i lose weight without exercise,33
can i run a marathon with,49
why is my nose bleeding,52
what to do when i lose my wallet,35
why is space dark,35
why is my nose,34
how to start running,36
best things to do in,40
best password,35
how to save,41
how to fix touchpad not,38
can i wash sneakers in,38
why do dogs,42
best restaurants near,40
best mouse for gaming,46
can i wash,37
can i bring powerbank on plane,39
how to prepare for interview,40
how to meditate,34
what is,51
why do stars,38
why does the sun rise,53
best restaurants near me,23
can i clean my shoes,36
how to clear cache,37
what is photosynthesis,37
how to fix printer offline,34
how to market a product,49
why do i feel anxious,33
can i upgrade,35
what is a,53
best hotels,44
what to do when bp is,41
best productivity apps,36
why do i feel,40
best phone for camera,40
why is my,35
what to,39
why is my screen,41
why is my laptop fan,37
how many calories in rice,36
how to start a,39
how to market a,39
what is climate change,40
best workout for beginners,46
best cafe near me,43
how to fix mac not,38
why do leaves change,44
how to sell,38
what is a lunar,36
how long does a cold last,48
why is my battery draining,43
best headphones under,39
what to do when i sprain ankle,36
best way to,34
what is autocomplete,41
what to do when laptop,34
how to make,43
why do cats,37
how to boil eggs,47
why do dogs howl,38
why is my head hurting,47
how long does shipping,36
can i clean my,35
how long,38
how to clear,36
what to do when i have fever,37
why am i dizzy when,33
how to lose weight,38
what is a neural,48
how long does shipping take,42
why is my poop,42
how long does passport renewal take,34
why do cats purr,33
how to fix wifi slow,36
can i exercise when sick,39
how to remember,38
what is dna,34
what is a black hole,36
what is a solar,32
best free,54
what to do when i feel,38
why do,40
best places to travel,33
what to do when i miss,35
how long does passport renewal,42
can cats,41
can i travel with,36
how to write a resume,28
can i bring powerbank on,44
what to do,33
how to stop,26
what to do when phone,54
best productivity,37
how to fix iphone storage full,47
best ramen,36
what is quantum physics,37
what is deep,35
what is dark energy,35
what is a patricia trie,36
how to lose,47
best hotels near me,44
what is machine,39
can i upgrade ram on,33
what is a black,46
what is gravity,36
can i exercise,32
why is my head,35
how to fix windows update,31
how to make bread,32
what is a lunar eclipse,36
why do i feel tired,37
what to do when phone is wet,39
best time to visit korea,34
can i sleep after coffee,37
what is a neural network,44
best cafe,38
best,41
how to sleep better,34
what is gdp,48
can i get a job without experience,40
why does the,39
how to fix monitor,37
what is a radix tree,34
why is my poop green,37
can i bring powerbank,37
can i take ibuprofen with paracetamol,40
how to fix iphone,42
why is my internet disconnecting,42
what is the speed of,42
what to do when phone is,38
can i drink coffee,44
can i drink coffee at night,47
how to prepare for,36
can cats eat tuna,32
why is space,48
what is the speed of light,37
how to make fried,30
how to budget,33
best diet for weight loss,48
how to build,44
how long does,42
what is a virus,44
why is my stomach,31
what is insurance deductible,40
best things to do,36
why do airplanes,36
why is my screen flickering,36
how to write a,31
why do i feel anxious for no reason,31
best beginner,46
how to prepare,29
what is metabolism,44
what is anxiety,40
what is a mutual fund,45
best budget airlines,35
what is greenhouse effect,29
why does the sun rise in the,40
why do i feel tired all the,43
can dogs eat,32
how many steps a day,45
what to do when i miss a flight,40
how long does caffeine last,39
can i learn coding without,41
why do i feel tired all the time,28
how to market,36
best way to learn python,45
can i get a job,50
why is,34
best diet for weight,38
how to start,35
how many calories,38
can i use,37
what is blood pressure,46
how to write an email,32
how to fix no,41
can i wash sneakers in washing machine,45
can i learn,38
why is my laptop fan loud,51
what is a trie,38
why is my throat,41
how to fix mac not booting,41
how to build habits,27
how to meal prep,32
how to get customers,38
why do i have,31
how,37
best places to travel in korea,43
how long to boil eggs soft,38
how to gain,47
why am i dizzy when standing,44
why do onions,39
how to improve,41
best way to learn piano,37
can i lose,35
how to boil,43
how much water should i drink,42
why is my bp,36
can i use vpn,40
how to fix android,37
how to fix touchpad,33
can i drink,42
can i run,39
why is the sky blue,35
why do we dream,27
what is bmi,32
what is serotonin,36
what is interest rate,39
can i travel with expired,36
best hotels near,36
what to do when i lose,36
how to fix monitor no,37
what is insurance,35
what is an allergy,29
how to reduce stress,40
